Neighborhood,Price,Bedrooms,Bathrooms,House Size,Description,Neighborhood Description
Brooklyn,500000,3,2,150,"Cozy and modern home located in the heart of Brooklyn. Features a spacious living room, updated kitchen, and a backyard perfect for entertaining guests.","Brooklyn is a vibrant neighborhood known for its diverse culture, trendy cafes, and beautiful parks."
Manhattan,1000000,4,3,200,"Luxurious penthouse with stunning views of the city skyline. This home boasts high-end finishes, a private terrace, and a gourmet kitchen.","Manhattan is a bustling neighborhood with world-class shopping, dining, and entertainment options."
Los Angeles,700000,3,2,180,"Charming Spanish-style home with a lush backyard oasis. This property features a detached studio perfect for a home office or guest quarters.","Los Angeles is a sunny neighborhood known for its beautiful beaches, celebrity sightings, and iconic landmarks."
Chicago,400000,2,1,120,"Classic brick bungalow in a quiet tree-lined street. This home features hardwood floors, a cozy fireplace, and a spacious backyard.","Chicago is a diverse neighborhood with a rich history, vibrant arts scene, and delicious deep-dish pizza."
Miami,800000,4,3,250,"Contemporary waterfront home with panoramic views of the bay. This property offers a private dock, pool, and outdoor kitchen for al fresco dining.","Miami is a tropical paradise known for its white sandy beaches, vibrant nightlife, and eclectic mix of cultural influences."
San Francisco,1200000,3,3,220,"Modern loft-style home with soaring ceilings and abundant natural light. This property features a rooftop deck with views of the Golden Gate Bridge.","San Francisco is a tech hub known for its iconic landmarks, hilly streets, and diverse culinary scene."
Denver,600000,4,2,190,"Spacious ranch-style home with mountain views. This property boasts a gourmet kitchen, vaulted ceilings, and a large backyard perfect for outdoor entertaining.","Denver is a nature lover's paradise with easy access to hiking trails, ski resorts, and national parks."
Seattle,900000,3,2,180,"Architecturally stunning home with panoramic views of the Puget Sound. Features include a gourmet kitchen, home theater, and a private hot tub.","Seattle is a hip neighborhood known for its thriving music scene, tech industry, and lush green spaces."
Austin,650000,3,2,160,"Quaint cottage with a wrap-around porch and a backyard oasis. This property offers a detached studio perfect for a home office or guest quarters.","Austin is a quirky neighborhood known for its live music venues, food trucks, and outdoor festivals."
Nashville,750000,4,3,200,"Southern-style home with a wrap-around porch and a spacious backyard. This property features a gourmet kitchen, hardwood floors, and a cozy fireplace.","Nashville is a vibrant neighborhood known for its country music scene, delicious barbecue, and historic landmarks."